Timestamp,Actual_Attack,Attack_Probability,Predicted_Attack,Status
2018-02-14 10:36:00,1,0.98958194,1,ATTACK
2018-02-14 10:37:00,1,0.97332734,1,ATTACK
2018-02-14 10:38:00,1,0.97378856,1,ATTACK
2018-02-14 10:39:00,1,0.9456782,1,ATTACK
2018-02-14 10:40:00,1,0.82200927,1,ATTACK
2018-02-14 10:41:00,1,0.90263116,1,ATTACK
2018-02-14 10:42:00,1,0.9655086,1,ATTACK
2018-02-14 10:43:00,1,0.9914868,1,ATTACK
2018-02-14 10:44:00,1,0.9966474,1,ATTACK
2018-02-14 10:45:00,1,0.99727803,1,ATTACK
2018-02-14 10:46:00,1,0.99672025,1,ATTACK
2018-02-14 10:47:00,1,0.9954028,1,ATTACK
2018-02-14 10:48:00,1,0.99195474,1,ATTACK
2018-02-14 10:49:00,1,0.9854505,1,ATTACK
2018-02-14 10:50:00,1,0.98194826,1,ATTACK
2018-02-14 10:51:00,1,0.97671574,1,ATTACK
2018-02-14 10:52:00,1,0.9344478,1,ATTACK
2018-02-14 10:53:00,1,0.77051914,1,ATTACK
2018-02-14 10:54:00,1,0.554404,1,ATTACK
2018-02-14 10:55:00,1,0.41584998,1,ATTACK
2018-02-14 10:56:00,1,0.61265135,1,ATTACK
2018-02-14 10:57:00,1,0.9137274,1,ATTACK
2018-02-14 10:58:00,1,0.98876065,1,ATTACK
2018-02-14 10:59:00,1,0.99622935,1,ATTACK
2018-02-14 11:00:00,1,0.99719965,1,ATTACK
2018-02-14 11:01:00,1,0.9976221,1,ATTACK
2018-02-14 11:02:00,1,0.9972638,1,ATTACK
2018-02-14 11:03:00,1,0.99661,1,ATTACK
2018-02-14 11:04:00,1,0.99517256,1,ATTACK
2018-02-14 11:05:00,1,0.98261327,1,ATTACK
2018-02-14 11:06:00,1,0.89494187,1,ATTACK
2018-02-14 11:07:00,1,0.684563,1,ATTACK
2018-02-14 11:08:00,1,0.66563416,1,ATTACK
2018-02-14 11:09:00,1,0.780962,1,ATTACK
2018-02-14 11:10:00,1,0.9194681,1,ATTACK
2018-02-14 11:11:00,1,0.97466403,1,ATTACK
2018-02-14 11:12:00,1,0.9885388,1,ATTACK
2018-02-14 11:13:00,1,0.9950813,1,ATTACK
2018-02-14 11:14:00,1,0.99738795,1,ATTACK
2018-02-14 11:15:00,1,0.99767643,1,ATTACK
2018-02-14 11:16:00,1,0.9982128,1,ATTACK
2018-02-14 11:17:00,1,0.99822026,1,ATTACK
2018-02-14 11:18:00,1,0.9975019,1,ATTACK
2018-02-14 11:19:00,1,0.9955278,1,ATTACK
2018-02-14 11:20:00,1,0.9894655,1,ATTACK
2018-02-14 11:21:00,1,0.9751228,1,ATTACK
2018-02-14 11:22:00,1,0.96801454,1,ATTACK
2018-02-14 11:23:00,1,0.9767417,1,ATTACK
2018-02-14 11:24:00,1,0.99128526,1,ATTACK
2018-02-14 11:25:00,1,0.9952376,1,ATTACK
2018-02-14 11:26:00,1,0.9972149,1,ATTACK
2018-02-14 11:27:00,1,0.9976156,1,ATTACK
2018-02-14 11:28:00,1,0.9977102,1,ATTACK
2018-02-14 11:29:00,1,0.99737024,1,ATTACK
2018-02-14 11:30:00,1,0.9974934,1,ATTACK
2018-02-14 11:31:00,1,0.99721473,1,ATTACK
2018-02-14 11:32:00,1,0.997449,1,ATTACK
2018-02-14 11:33:00,1,0.99565613,1,ATTACK
2018-02-14 11:34:00,1,0.9890121,1,ATTACK
2018-02-14 11:35:00,1,0.9733602,1,ATTACK
2018-02-14 11:36:00,1,0.957775,1,ATTACK
2018-02-14 11:37:00,1,0.96923906,1,ATTACK
2018-02-14 11:38:00,1,0.98406154,1,ATTACK
2018-02-14 11:39:00,1,0.99162525,1,ATTACK
2018-02-14 11:40:00,1,0.9913169,1,ATTACK
2018-02-14 11:41:00,1,0.98386496,1,ATTACK
2018-02-14 11:42:00,1,0.96849656,1,ATTACK
2018-02-14 11:43:00,1,0.9547895,1,ATTACK
2018-02-14 11:44:00,1,0.96722263,1,ATTACK
2018-02-14 11:45:00,1,0.991621,1,ATTACK
2018-02-14 11:46:00,1,0.9950766,1,ATTACK
2018-02-14 11:47:00,1,0.99612683,1,ATTACK
2018-02-14 11:48:00,1,0.9947196,1,ATTACK
2018-02-14 11:49:00,1,0.98769367,1,ATTACK
2018-02-14 11:50:00,1,0.9749875,1,ATTACK
2018-02-14 11:51:00,1,0.7929961,1,ATTACK
2018-02-14 11:52:00,1,0.48556927,1,ATTACK
2018-02-14 11:53:00,1,0.47881013,1,ATTACK
2018-02-14 11:54:00,1,0.71700364,1,ATTACK
2018-02-14 11:55:00,1,0.9366762,1,ATTACK
2018-02-14 11:56:00,1,0.9871881,1,ATTACK
2018-02-14 11:57:00,1,0.9957658,1,ATTACK
2018-02-14 11:58:00,1,0.9968144,1,ATTACK
2018-02-14 11:59:00,1,0.9959791,1,ATTACK
2018-02-14 12:00:00,1,0.99184424,1,ATTACK
2018-02-14 12:01:00,1,0.984098,1,ATTACK
2018-02-14 12:02:00,1,0.9843928,1,ATTACK
2018-02-14 12:03:00,1,0.99280787,1,ATTACK
2018-02-14 12:04:00,1,0.99535525,1,ATTACK
2018-02-14 12:05:00,1,0.9973303,1,ATTACK
2018-02-14 12:06:00,1,0.99715376,1,ATTACK
2018-02-14 12:07:00,1,0.99490947,1,ATTACK
2018-02-14 12:08:00,1,0.9872543,1,ATTACK
2018-02-14 12:09:00,1,0.967811,1,ATTACK
2018-02-14 12:10:00,1,0.9727357,1,ATTACK
2018-02-14 12:11:00,0,0.98678243,1,ATTACK
2018-02-14 12:12:00,0,0.9762111,1,ATTACK
2018-02-14 12:13:00,0,0.9004576,1,ATTACK
2018-02-14 12:14:00,0,0.52788204,1,ATTACK
2018-02-14 12:15:00,0,0.25220934,0,NORMAL
2018-02-14 12:16:00,0,0.057505127,0,NORMAL
2018-02-14 12:17:00,0,0.027834253,0,NORMAL
2018-02-14 12:18:00,0,0.007341009,0,NORMAL
2018-02-14 12:19:00,0,0.002198193,0,NORMAL
2018-02-14 12:20:00,0,0.0015325594,0,NORMAL
2018-02-14 12:21:00,0,0.001574406,0,NORMAL
2018-02-14 12:22:00,0,0.001981654,0,NORMAL
2018-02-14 12:23:00,0,0.0036548423,0,NORMAL
2018-02-14 12:24:00,0,0.0077630184,0,NORMAL
2018-02-14 12:25:00,0,0.019284885,0,NORMAL
2018-02-14 12:26:00,0,0.022811797,0,NORMAL
2018-02-14 12:27:00,0,0.00702964,0,NORMAL
2018-02-14 12:28:00,0,0.0057644453,0,NORMAL
2018-02-14 12:29:00,0,0.0034013595,0,NORMAL
2018-02-14 12:30:00,0,0.004784,0,NORMAL
2018-02-14 12:31:00,0,0.012727728,0,NORMAL
2018-02-14 12:32:00,0,0.04246614,0,NORMAL
2018-02-14 12:33:00,0,0.09431809,0,NORMAL
2018-02-14 12:34:00,0,0.05609367,0,NORMAL
2018-02-14 12:35:00,0,0.032597736,0,NORMAL
2018-02-14 12:36:00,0,0.021299655,0,NORMAL
2018-02-14 12:37:00,0,0.005073356,0,NORMAL
2018-02-14 12:38:00,0,0.0039745234,0,NORMAL
2018-02-14 12:39:00,0,0.0028198976,0,NORMAL
2018-02-14 12:40:00,0,0.0018914983,0,NORMAL
2018-02-14 12:41:00,0,0.0011934005,0,NORMAL
2018-02-14 12:42:00,0,0.0009249838,0,NORMAL
2018-02-14 12:43:00,0,0.0009674965,0,NORMAL
2018-02-14 12:44:00,0,0.0011743138,0,NORMAL
2018-02-14 12:45:00,0,0.0010300345,0,NORMAL
2018-02-14 12:46:00,0,0.0013111476,0,NORMAL
2018-02-14 12:47:00,0,0.0012465756,0,NORMAL
2018-02-14 12:48:00,0,0.0014977247,0,NORMAL
2018-02-14 12:49:00,0,0.0016143412,0,NORMAL
2018-02-14 12:50:00,0,0.0014257175,0,NORMAL
2018-02-14 12:51:00,0,0.0014995234,0,NORMAL
2018-02-14 12:52:00,0,0.0027700092,0,NORMAL
2018-02-14 12:53:00,0,0.009483294,0,NORMAL
2018-02-14 12:54:00,0,0.020460162,0,NORMAL
2018-02-14 12:55:00,0,0.012472738,0,NORMAL
2018-02-14 12:56:00,0,0.009870251,0,NORMAL
2018-02-14 12:57:00,0,0.0043604253,0,NORMAL
2018-02-14 12:58:00,0,0.0023819176,0,NORMAL
2018-02-14 12:59:00,0,0.0015158079,0,NORMAL
